{
  "version": "6.0",
  "nxVersion": "17.1.3",
  "deps": {
    "@angular/animations": "^17.0.2",
    "@angular/common": "^17.0.2",
    "@angular/compiler": "^17.0.2",
    "@angular/core": "^17.0.2",
    "@angular/forms": "^17.0.2",
    "@angular/platform-browser": "^17.0.2",
    "@angular/platform-browser-dynamic": "^17.0.2",
    "@angular/router": "^17.0.2",
    "@angular/service-worker": "^17.0.2",
    "@capacitor/app": "5.0.6",
    "@capacitor/browser": "^5.1.0",
    "@capacitor/core": "5.5.1",
    "@capacitor/device": "^5.0.6",
    "@capacitor/haptics": "5.0.6",
    "@capacitor/keyboard": "5.0.6",
    "@capacitor/network": "^5.0.6",
    "@capacitor/status-bar": "5.0.6",
    "@ionic/angular": "^7.5.0",
    "@ionic/storage-angular": "^4.0.0",
    "browser-image-compression": "^2.0.2",
    "check-password-strength": "^2.0.7",
    "crypto-js": "^4.2.0",
    "ionicons": "^7.2.1",
    "localforage-cordovasqlitedriver": "^1.8.0",
    "lodash": "^4.17.21",
    "moment-timezone": "^0.5.43",
    "neverthrow": "^6.1.0",
    "ramda": "^0.29.1",
    "rxjs": "~7.8.0",
    "swiper": "^8.2.5",
    "tslib": "^2.3.0",
    "zone.js": "~0.14.2",
    "@angular-devkit/build-angular": "^17.0.0",
    "@angular-eslint/builder": "^17.0.0",
    "@angular-eslint/eslint-plugin": "^17.0.0",
    "@angular-eslint/eslint-plugin-template": "^17.0.0",
    "@angular-eslint/schematics": "^17.0.0",
    "@angular-eslint/template-parser": "^17.0.0",
    "@angular/cli": "^17.0.0",
    "@angular/compiler-cli": "^17.0.2",
    "@angular/language-service": "^17.0.2",
    "@capacitor/cli": "5.5.1",
    "@ionic/angular-toolkit": "^9.0.0",
    "@types/jasmine": "~5.1.0",
    "@types/lodash": "^4.14.202",
    "@types/uuid": "^9.0.7",
    "@typescript-eslint/eslint-plugin": "^6.0.0",
    "@typescript-eslint/parser": "^6.0.0",
    "eslint": "^7.26.0",
    "eslint-plugin-import": "2.22.1",
    "eslint-plugin-jsdoc": "30.7.6",
    "eslint-plugin-prefer-arrow": "1.2.2",
    "jasmine-core": "~5.1.0",
    "jasmine-spec-reporter": "~5.0.0",
    "karma": "~6.4.0",
    "karma-chrome-launcher": "~3.2.0",
    "karma-coverage": "~2.2.0",
    "karma-jasmine": "~5.1.0",
    "karma-jasmine-html-reporter": "~2.1.0",
    "ts-node": "^8.3.0",
    "typescript": "~5.2.2"
  },
  "pathMappings": {
    "@app-services/*": [
      "src/app/services/*"
    ],
    "@app-environments/*": [
      "src/environments/*"
    ],
    "@app-models/*": [
      "src/app/models/*"
    ],
    "@app-pages/*": [
      "src/app/pages/*"
    ],
    "@app-pipes/*": [
      "src/app/pipes/*"
    ],
    "@app-utils/*": [
      "src/app/utils/*"
    ],
    "@app-components/*": [
      "src/app/components/*"
    ]
  },
  "nxJsonPlugins": [],
  "fileMap": {
    "projectFileMap": {},
    "nonProjectFiles": [
      {
        "file": ".browserslistrc",
        "hash": "7979060078399394427"
      },
      {
        "file": ".editorconfig",
        "hash": "6686520031028425313"
      },
      {
        "file": ".eslintrc.json",
        "hash": "18210278994710539225"
      },
      {
        "file": ".firebase/hosting.d3d3.cache",
        "hash": "15161286885173368876"
      },
      {
        "file": ".firebaserc",
        "hash": "8560104742392651847"
      },
      {
        "file": ".gitignore",
        "hash": "91109559695469517"
      },
      {
        "file": ".nx/cache/file-map.json",
        "hash": "15246253782888312885"
      },
      {
        "file": ".nx/cache/lockfile.hash",
        "hash": "366591978684852921"
      },
      {
        "file": ".nx/cache/parsed-lock-file.json",
        "hash": "1458984212623658607"
      },
      {
        "file": ".nx/cache/project-graph.json",
        "hash": "6897167947159779705"
      },
      {
        "file": ".vscode/extensions.json",
        "hash": "8864581712781918012"
      },
      {
        "file": ".vscode/settings.json",
        "hash": "17600635877712771701"
      },
      {
        "file": "README.md",
        "hash": "11312306756978503384"
      },
      {
        "file": "angular.json",
        "hash": "15588515300397995113"
      },
      {
        "file": "capacitor.config.ts",
        "hash": "10562350713467966095"
      },
      {
        "file": "firebase.json",
        "hash": "3908608847556269758"
      },
      {
        "file": "ionic.config.json",
        "hash": "5351835646497926389"
      },
      {
        "file": "karma.conf.js",
        "hash": "13719387092471133633"
      },
      {
        "file": "ngsw-config.json",
        "hash": "12579492061924086660"
      },
      {
        "file": "package-lock.json",
        "hash": "9422322748201594914"
      },
      {
        "file": "package.json",
        "hash": "5614620096631744894"
      },
      {
        "file": "src/app/app.component.html",
        "hash": "12139992690072916112"
      },
      {
        "file": "src/app/app.component.scss",
        "hash": "3244421341483603138"
      },
      {
        "file": "src/app/app.component.spec.ts",
        "hash": "1169920908592744977"
      },
      {
        "file": "src/app/app.component.ts",
        "hash": "14255712435515673760"
      },
      {
        "file": "src/app/app.routes.ts",
        "hash": "17487203501239177214"
      },
      {
        "file": "src/app/components/password-strength/password-strength.component.html",
        "hash": "15853748482586282655"
      },
      {
        "file": "src/app/components/password-strength/password-strength.component.scss",
        "hash": "3244421341483603138"
      },
      {
        "file": "src/app/components/password-strength/password-strength.component.spec.ts",
        "hash": "5504888566334548855"
      },
      {
        "file": "src/app/components/password-strength/password-strength.component.ts",
        "hash": "17172367405400332759"
      },
      {
        "file": "src/app/pages/member/booking/booking.page.html",
        "hash": "12225332467281090744"
      },
      {
        "file": "src/app/pages/member/booking/booking.page.scss",
        "hash": "3244421341483603138"
      },
      {
        "file": "src/app/pages/member/booking/booking.page.spec.ts",
        "hash": "7266384027779938496"
      },
      {
        "file": "src/app/pages/member/booking/booking.page.ts",
        "hash": "2747449968070487148"
      },
      {
        "file": "src/app/pages/member/dashboard/dashboard.page.html",
        "hash": "17581115356726656086"
      },
      {
        "file": "src/app/pages/member/dashboard/dashboard.page.scss",
        "hash": "3290538474530662940"
      },
      {
        "file": "src/app/pages/member/dashboard/dashboard.page.spec.ts",
        "hash": "15860121979940362694"
      },
      {
        "file": "src/app/pages/member/dashboard/dashboard.page.ts",
        "hash": "5399108066858288751"
      },
      {
        "file": "src/app/pages/member/member.routes.ts",
        "hash": "7190296679478774321"
      },
      {
        "file": "src/app/pages/member/payment/payment.page.html",
        "hash": "6773837192631845661"
      },
      {
        "file": "src/app/pages/member/payment/payment.page.scss",
        "hash": "3244421341483603138"
      },
      {
        "file": "src/app/pages/member/payment/payment.page.spec.ts",
        "hash": "17949361172566466748"
      },
      {
        "file": "src/app/pages/member/payment/payment.page.ts",
        "hash": "10630797975318490824"
      },
      {
        "file": "src/app/pages/public/login/login.page.html",
        "hash": "2218472202633619624"
      },
      {
        "file": "src/app/pages/public/login/login.page.scss",
        "hash": "408925611196589484"
      },
      {
        "file": "src/app/pages/public/login/login.page.spec.ts",
        "hash": "11622843872418222859"
      },
      {
        "file": "src/app/pages/public/login/login.page.ts",
        "hash": "12132549948329159779"
      },
      {
        "file": "src/app/pages/public/public.routes.ts",
        "hash": "5467679935610350206"
      },
      {
        "file": "src/app/pages/public/register/register.page.html",
        "hash": "2110624387797929332"
      },
      {
        "file": "src/app/pages/public/register/register.page.scss",
        "hash": "408925611196589484"
      },
      {
        "file": "src/app/pages/public/register/register.page.spec.ts",
        "hash": "11091268829114787836"
      },
      {
        "file": "src/app/pages/public/register/register.page.ts",
        "hash": "16777743361534489941"
      },
      {
        "file": "src/app/pipes/acronym.pipe.ts",
        "hash": "3608951305928625657"
      },
      {
        "file": "src/app/pipes/capitalize.pipe.ts",
        "hash": "5926960641080368473"
      },
      {
        "file": "src/app/pipes/formatLoyalty.pipe.ts",
        "hash": "5483901031014663628"
      },
      {
        "file": "src/app/pipes/lastString.pipe.ts",
        "hash": "15936228189816172672"
      },
      {
        "file": "src/app/pipes/mask.pipe.ts",
        "hash": "9731403105395964596"
      },
      {
        "file": "src/app/pipes/segmentURL.pipe.ts",
        "hash": "10907492593503954318"
      },
      {
        "file": "src/app/pipes/shared-pipe.module.ts",
        "hash": "9991090264675392893"
      },
      {
        "file": "src/app/pipes/urlify.pipe.spec.ts",
        "hash": "5193223136224724575"
      },
      {
        "file": "src/app/pipes/urlify.pipe.ts",
        "hash": "17466219773622233387"
      },
      {
        "file": "src/app/services/api/api.service.spec.ts",
        "hash": "8516548319775154597"
      },
      {
        "file": "src/app/services/api/api.service.ts",
        "hash": "12386332747089412272"
      },
      {
        "file": "src/app/services/app-core-service/app-core.service.spec.ts",
        "hash": "6157452133249488074"
      },
      {
        "file": "src/app/services/app-core-service/app-core.service.ts",
        "hash": "4117969588904461895"
      },
      {
        "file": "src/app/services/component-picker/component-picker.service.spec.ts",
        "hash": "10512474612264947699"
      },
      {
        "file": "src/app/services/component-picker/component-picker.service.ts",
        "hash": "3074262260772388460"
      },
      {
        "file": "src/app/services/countries/countries.service.spec.ts",
        "hash": "7276025173649445843"
      },
      {
        "file": "src/app/services/countries/countries.service.ts",
        "hash": "4509286007306760804"
      },
      {
        "file": "src/app/services/crypto/crypto.service.ts",
        "hash": "15458105037120090327"
      },
      {
        "file": "src/app/services/crypto/cryto.service.spec.ts",
        "hash": "16434265484237508645"
      },
      {
        "file": "src/app/services/custom-title-strategy/custom-title-strategy.service.spec.ts",
        "hash": "7027680970793007443"
      },
      {
        "file": "src/app/services/custom-title-strategy/custom-title-strategy.service.ts",
        "hash": "12376857523004149339"
      },
      {
        "file": "src/app/services/data/data.service.spec.ts",
        "hash": "4103828728699115747"
      },
      {
        "file": "src/app/services/data/data.service.ts",
        "hash": "11040146855302332837"
      },
      {
        "file": "src/app/services/form-validator/form-validator.service.spec.ts",
        "hash": "5186503803633248879"
      },
      {
        "file": "src/app/services/form-validator/form-validator.service.ts",
        "hash": "15799349205846218333"
      },
      {
        "file": "src/app/services/helper-methods/badword.json",
        "hash": "8021484749318835902"
      },
      {
        "file": "src/app/services/helper-methods/helper-methods.service.spec.ts",
        "hash": "1355663625984550588"
      },
      {
        "file": "src/app/services/helper-methods/helper-methods.service.ts",
        "hash": "3879066127289159798"
      },
      {
        "file": "src/app/services/language/language.service.spec.ts",
        "hash": "12914508973216230153"
      },
      {
        "file": "src/app/services/language/language.service.ts",
        "hash": "9573152922904557942"
      },
      {
        "file": "src/app/services/logger/logger-service.ts",
        "hash": "14415910719117118770"
      },
      {
        "file": "src/app/services/network/network.service.spec.ts",
        "hash": "395219823548291722"
      },
      {
        "file": "src/app/services/network/network.service.ts",
        "hash": "6502029331875093971"
      },
      {
        "file": "src/app/services/resolver/data-resolver.service.spec.ts",
        "hash": "17598203839581290279"
      },
      {
        "file": "src/app/services/resolver/data-resolver.service.ts",
        "hash": "13944769751253702138"
      },
      {
        "file": "src/app/services/screen-size/screen-size.service.spec.ts",
        "hash": "17085287184970813209"
      },
      {
        "file": "src/app/services/screen-size/screen-size.service.ts",
        "hash": "11458909339915168566"
      },
      {
        "file": "src/app/services/slider-config/slider-config.service.spec.ts",
        "hash": "9558502020268735733"
      },
      {
        "file": "src/app/services/slider-config/slider-config.service.ts",
        "hash": "14430251771056521762"
      },
      {
        "file": "src/app/services/tabs/tabs.service.spec.ts",
        "hash": "5749818787139184046"
      },
      {
        "file": "src/app/services/tabs/tabs.service.ts",
        "hash": "10422196156828113574"
      },
      {
        "file": "src/app/services/test-data/test-data.service.spec.ts",
        "hash": "750511995621636689"
      },
      {
        "file": "src/app/services/test-data/test-data.service.ts",
        "hash": "10088220461113703634"
      },
      {
        "file": "src/app/utils/dates-and-times.ts",
        "hash": "16288057471181173776"
      },
      {
        "file": "src/app/utils/email-validator.ts",
        "hash": "7256107951809225580"
      },
      {
        "file": "src/app/utils/form-validator.spec.ts",
        "hash": "15243489323146647606"
      },
      {
        "file": "src/app/utils/form-validator.ts",
        "hash": "17473204610839808229"
      },
      {
        "file": "src/app/utils/functional.spec.ts",
        "hash": "11170879882874306405"
      },
      {
        "file": "src/app/utils/functional.ts",
        "hash": "5376459920659411965"
      },
      {
        "file": "src/app/utils/json.ts",
        "hash": "8252817513946174034"
      },
      {
        "file": "src/app/utils/spec-runner.ts",
        "hash": "10323190311948161235"
      },
      {
        "file": "src/assets/fonts/Inter/Inter-Black.ttf",
        "hash": "15705517883810297605"
      },
      {
        "file": "src/assets/fonts/Inter/Inter-Bold.ttf",
        "hash": "15047032768340971251"
      },
      {
        "file": "src/assets/fonts/Inter/Inter-ExtraBold.ttf",
        "hash": "10619974550390540248"
      },
      {
        "file": "src/assets/fonts/Inter/Inter-ExtraLight.ttf",
        "hash": "9827299764331891569"
      },
      {
        "file": "src/assets/fonts/Inter/Inter-Light.ttf",
        "hash": "4312431991460341438"
      },
      {
        "file": "src/assets/fonts/Inter/Inter-Medium.ttf",
        "hash": "8255769014339192431"
      },
      {
        "file": "src/assets/fonts/Inter/Inter-Regular.ttf",
        "hash": "8197504351384551031"
      },
      {
        "file": "src/assets/fonts/Inter/Inter-SemiBold.ttf",
        "hash": "12715035398768093618"
      },
      {
        "file": "src/assets/fonts/Inter/Inter-Thin.ttf",
        "hash": "7957919146120142444"
      },
      {
        "file": "src/assets/icon/favicon.png",
        "hash": "17482944836898362639"
      },
      {
        "file": "src/assets/icons/icon-128x128.png",
        "hash": "16119513566521364320"
      },
      {
        "file": "src/assets/icons/icon-144x144.png",
        "hash": "7918264055681161054"
      },
      {
        "file": "src/assets/icons/icon-152x152.png",
        "hash": "15801439294603939434"
      },
      {
        "file": "src/assets/icons/icon-192x192.png",
        "hash": "5426725225393538606"
      },
      {
        "file": "src/assets/icons/icon-384x384.png",
        "hash": "14349113523743396697"
      },
      {
        "file": "src/assets/icons/icon-512x512.png",
        "hash": "15496412176428542718"
      },
      {
        "file": "src/assets/icons/icon-72x72.png",
        "hash": "8211841038932698272"
      },
      {
        "file": "src/assets/icons/icon-96x96.png",
        "hash": "17857169027528193372"
      },
      {
        "file": "src/assets/img/BTS 1.png",
        "hash": "12559454274520210392"
      },
      {
        "file": "src/assets/img/eye-off-white.svg",
        "hash": "7648309371039333026"
      },
      {
        "file": "src/assets/img/eye-on-white.svg",
        "hash": "2210972953069293066"
      },
      {
        "file": "src/assets/img/logo.png",
        "hash": "15777836068520421442"
      },
      {
        "file": "src/assets/img/map.png",
        "hash": "17416421138572205694"
      },
      {
        "file": "src/assets/img/public-bg.png",
        "hash": "11227179364471539757"
      },
      {
        "file": "src/assets/shapes.svg",
        "hash": "4708889011185296100"
      },
      {
        "file": "src/environments/environment.prod.ts",
        "hash": "15228602240682055595"
      },
      {
        "file": "src/environments/environment.ts",
        "hash": "5795990219582746925"
      },
      {
        "file": "src/global.scss",
        "hash": "8567234284971744255"
      },
      {
        "file": "src/index.html",
        "hash": "4204573009319314020"
      },
      {
        "file": "src/main.ts",
        "hash": "8027059634644332884"
      },
      {
        "file": "src/manifest.webmanifest",
        "hash": "10078094709780095471"
      },
      {
        "file": "src/polyfills.ts",
        "hash": "11812151144158597559"
      },
      {
        "file": "src/test.ts",
        "hash": "12412031923219697029"
      },
      {
        "file": "src/theme/button.scss",
        "hash": "7765234440144201941"
      },
      {
        "file": "src/theme/custom-input.scss",
        "hash": "17792205404984139641"
      },
      {
        "file": "src/theme/date.scss",
        "hash": "6329442898954559271"
      },
      {
        "file": "src/theme/font.scss",
        "hash": "10499879919725014483"
      },
      {
        "file": "src/theme/general.scss",
        "hash": "537732458024792408"
      },
      {
        "file": "src/theme/variables.scss",
        "hash": "17015175574930413537"
      },
      {
        "file": "src/zone-flags.ts",
        "hash": "3323586086306676158"
      },
      {
        "file": "tsconfig.app.json",
        "hash": "9041030522571917449"
      },
      {
        "file": "tsconfig.json",
        "hash": "7415718847183729029"
      },
      {
        "file": "tsconfig.spec.json",
        "hash": "17198424518534092990"
      }
    ]
  }
}
